时间戳,CPU利用率,物理内存使用量(MB),磁盘读取(MB),磁盘写入(MB),磁盘读取次数,磁盘写入次数
1744788640.109837884,.226,15696.2578,0,0,0,0
1744788640.647772369,.211,15653.9531,.0156,0,3,0
1744788641.184410608,.133,15653.9531,0,.0312,0,5
1744788641.717842819,.129,15653.9531,0,0,0,0
1744788642.254067569,.129,15654.0781,.0039,0,1,0
1744788642.790100503,.129,15654.0781,.0156,0,3,0
1744788643.324591071,.129,15654.0781,.0039,0,1,0
1744788643.862138098,.146,15654.0781,.0039,0,1,0
1744788644.398269310,.128,15654.9531,.0117,0,3,0
1744788644.934432382,.129,15654.9531,.0039,0,1,0
1744788645.468529882,.130,15654.9335,.0039,0,1,0
1744788646.005327619,.129,15654.9335,0,0,0,0
1744788646.540738478,.129,15654.9335,0,0,0,0
1744788647.077081474,.134,15654.9335,0,0,0,0
1744788647.610998152,.138,15660.7773,5.8398,0,559,0
1744788648.146492773,.225,15664.5781,.4296,0,42,0
1744788648.684819743,.179,15664.6992,0,0,0,0
1744788649.220403399,.129,15664.6992,0,0,0,0
1744788649.756083457,.129,15664.6992,0,.1132,0,29
1744788650.293323253,.129,15664.6992,0,0,0,0
1744788650.829271680,.133,15657.3476,0,0,0,0
1744788651.365269097,.129,15657.3476,0,0,0,0
1744788651.900338565,.156,15660.0976,0,0,0,0
1744788652.438951182,.133,15660.0781,0,0,0,0
1744788652.974777734,.129,15660.0781,0,0,0,0
1744788653.512230371,.133,15660.3242,0,0,0,0
1744788654.048246735,.143,15660.3242,0,0,0,0
1744788654.585406322,.129,15660.3242,0,0,0,0
1744788655.120076479,.129,15660.3242,0,0,0,0
