时间戳,CPU利用率,物理内存使用量(MB),磁盘读取(MB),磁盘写入(MB),磁盘读取次数,磁盘写入次数
1744377843.929743537,.140,7812.2421,0,0,0,0
1744377844.457684733,.077,7860.4218,10.8710,0,1330,0
1744377844.990182985,.374,7959.1445,0,0,0,0
1744377845.529891580,.375,8087.2695,0,0,0,0
1744377846.064591021,.373,8219.5195,0,0,0,0
1744377846.597527467,.377,8348.7695,0,0,0,0
1744377847.129002313,.372,8469.0273,0,0,0,0
1744377847.660905447,.375,8474.6718,0,0,0,0
1744377848.196212491,.374,8486.9179,0,0,0,0
1744377848.727519590,.284,8497.2031,0,0,0,0
1744377849.257087131,.126,8497.1992,0,0,0,0
1744377849.784684461,.128,8497.1875,0,0,0,0
1744377850.313517389,.129,8497.1757,0,0,0,0
1744377850.841587071,.128,8497.1679,0,0,0,0
1744377851.369611112,.129,8497.1523,0,0,0,0
1744377851.897099174,.129,8497.2656,0,0,0,0
1744377852.425867103,.130,8497.2539,0,0,0,0
1744377852.954897642,.129,8497.2382,0,0,0,0
1744377853.484604683,.129,8497.2226,0,0,0,0
1744377854.015960093,.130,8497.2109,0,0,0,0
1744377854.546358251,.131,8497.1953,0,0,0,0
1744377855.077158681,.130,8497.1796,0,0,0,0
1744377855.609596629,.150,7844.9921,0,0,0,0
1744377856.146208584,.374,7943.2968,0,0,0,0
1744377856.685704259,.374,8061.3593,0,0,0,0
1744377857.226901486,.374,8178.6250,0,0,0,0
1744377857.767620955,.377,8296.6250,0,0,0,0
1744377858.312597210,.371,8414.3046,0,0,0,0
1744377858.849807825,.376,8468.4375,0,0,0,0
1744377859.389954871,.374,8477.9375,0,128.0429,0,332
1744377859.931522945,.369,8486.9023,0,0,0,0
1744377860.472671910,.162,8491.3828,0,0,0,0
1744377861.004427128,.125,8494.5078,0,0,0,0
1744377861.537534294,.128,8491.6484,0,0,0,0
1744377862.070702197,.129,8491.6289,0,0,0,0
1744377862.603860353,.128,8491.6171,0,0,0,0
1744377863.136909701,.129,8491.6406,0,0,0,0
1744377863.668483361,.129,8491.6210,0,0,0,0
1744377864.202194307,.132,8491.6015,0,0,0,0
1744377864.741969825,.130,8491.5781,0,211.9960,0,571
1744377865.279633313,.130,8491.5546,0,182.8085,0,396
1744377865.813549275,.132,8491.5351,0,63.3125,0,134
