时间戳,CPU利用率,物理内存使用量(MB),磁盘读取(MB),磁盘写入(MB),磁盘读取次数,磁盘写入次数
1744377822.218641567,.132,7800.5742,0,0,0,0
1744377822.745711012,.061,7837.0820,11.6601,0,1490,0
1744377823.278260898,.374,7943.8398,0,.0273,0,5
1744377823.811900758,.373,8070.7265,0,0,0,0
1744377824.343687887,.374,8199.7656,0,0,0,0
1744377824.878362586,.375,8332.5156,0,0,0,0
1744377825.410079352,.375,8458.4570,0,0,0,0
1744377825.942480633,.374,8465.4570,0,0,0,0
1744377826.476044412,.373,8476.0820,0,0,0,0
1744377827.033269025,.250,8486.5117,0,0,0,0
1744377827.562345548,.127,8486.5039,0,0,0,0
1744377828.091831526,.129,8486.4882,0,128.0000,0,333
1744377828.619938451,.128,8486.4804,0,0,0,0
1744377829.148165362,.129,8486.4687,0,0,0,0
1744377829.677757779,.130,8486.4531,0,0,0,0
1744377830.205729917,.129,8486.4414,0,0,0,0
1744377830.733876470,.129,8486.4257,0,0,0,0
1744377831.262466846,.130,8486.5351,0,0,0,0
1744377831.790497906,.130,8486.5351,0,0,0,0
1744377832.319639921,.130,8486.5195,0,0,0,0
1744377832.847855504,.130,8486.5039,0,0,0,0
1744377833.375957549,.160,7849.4765,0,.0156,0,4
1744377833.905199774,.376,7939.1054,0,0,0,0
1744377834.435912608,.373,8049.6054,0,0,0,0
1744377834.966591929,.375,8165.3554,0,0,0,0
1744377835.502175911,.375,8283.2304,0,0,0,0
1744377836.031887072,.373,8398.0781,0,0,0,0
1744377836.561305237,.376,8457.5859,0,0,0,0
1744377837.091679741,.373,8466.9609,0,0,0,0
1744377837.621924123,.376,8473.4335,0,0,0,0
1744377838.152351000,.206,8480.6171,0,0,0,0
1744377838.681538074,.125,8483.6914,0,0,0,0
1744377839.209784528,.126,8485.2812,0,0,0,0
1744377839.738369647,.128,8485.2812,0,0,0,0
1744377840.267753014,.128,8485.1601,0,0,0,0
1744377840.794770350,.130,8485.2656,0,0,0,0
1744377841.322613453,.130,8485.2460,0,0,0,0
1744377841.851245589,.130,8485.2265,0,0,0,0
1744377842.379812644,.130,8485.1601,0,0,0,0
1744377842.909229170,.131,8485.2617,0,0,0,0
1744377843.437756654,.131,8485.2421,0,0,0,0
