时间戳,CPU利用率,物理内存使用量(MB),磁盘读取(MB),磁盘写入(MB),磁盘读取次数,磁盘写入次数
1744377941.856527854,.027,7917.1015,.5937,0,70,0
1744377942.382010501,.020,7935.2070,17.6953,.0156,2006,2
1744377942.910153317,.021,7952.2734,16.8085,0,1950,0
1744377943.438544109,.023,7969.7734,17.2343,0,1924,0
1744377943.966809891,.027,7989.4765,19.8007,0,1937,0
1744377944.494864389,.028,8009.3398,19.7539,0,1922,0
1744377945.023386116,.029,8028.4101,19.0742,0,1884,0
1744377945.556010504,.120,8028.6484,.2421,0,20,0
