时间戳,CPU利用率,物理内存使用量(MB),磁盘读取(MB),磁盘写入(MB),磁盘读取次数,磁盘写入次数
1744377952.405086057,.071,8254.1484,.8203,0,77,0
1744377952.932540208,.081,8269.1445,15.0429,0,1482,0
1744377953.462915629,.117,8271.7031,2.5820,0,252,0
