时间戳,CPU利用率,物理内存使用量(MB),磁盘读取(MB),磁盘写入(MB),磁盘读取次数,磁盘写入次数
1744377948.727554073,.049,8141.7109,.9453,0,93,0
1744377949.254939879,.036,8169.1132,27.3750,0,2464,0
1744377949.783645131,.048,8196.0664,27.0390,0,2383,0
1744377950.312862255,.075,8214.6484,18.4062,0,1568,0
