时间戳,CPU利用率,物理内存使用量(MB),磁盘读取(MB),磁盘写入(MB),磁盘读取次数,磁盘写入次数
1744377950.902838976,.045,8218.8203,1.0781,0,102,0
1744377951.429661947,.059,8241.5195,22.7070,0,2144,0
1744377951.958101606,.099,8251.1992,9.6132,0,904,0
