时间戳,CPU利用率,物理内存使用量(MB),磁盘读取(MB),磁盘写入(MB),磁盘读取次数,磁盘写入次数
1744377945.772279754,.031,8031.7265,1.1250,0,97,0
1744377946.301017484,.024,8055.2539,23.3632,0,2208,0
1744377946.830644480,.023,8077.8164,22.7148,0,2099,0
1744377947.361036870,.034,8103.7656,25.9609,0,2182,0
1744377947.891416648,.038,8132.4609,28.6250,0,2320,0
1744377948.420171956,.103,8137.6015,5.0859,0,440,0
