时间戳,CPU利用率,物理内存使用量(MB),磁盘读取(MB),磁盘写入(MB),磁盘读取次数,磁盘写入次数
1744379610.811987255,.136,10647.7187,0,0,0,0
1744379611.340217678,.088,10681.6562,6.9960,0,898,0
1744379611.868640567,.124,10744.2812,0,0,0,0
1744379612.399030151,.126,10801.7890,.0039,0,1,0
1744379612.927733194,.124,10734.1015,0,0,0,0
1744379613.456954374,.124,10654.9414,0,0,0,0
1744379613.986752981,.125,10694.3593,0,0,0,0
1744379614.517141119,.125,10775.0937,0,0,0,0
1744379615.046559103,.124,10773.9687,0,0,0,0
1744379615.575756469,.124,10687.3320,0,0,0,0
