时间戳,CPU利用率,物理内存使用量(MB),磁盘读取(MB),磁盘写入(MB),磁盘读取次数,磁盘写入次数
1744379595.213369461,.099,10616.7226,.2343,0,29,0
1744379595.740686315,.074,10644.0195,12.5390,0,1612,0
1744379596.269719321,.125,10705.6445,0,0,0,0
1744379596.800610076,.124,10765.8945,0,0,0,0
1744379597.329699763,.125,10731.9492,0,.0156,0,4
1744379597.858375220,.124,10657.3437,0,0,0,0
1744379598.388189018,.124,10647.3710,0,0,0,0
1744379598.916570656,.124,10727.3710,0,0,0,0
1744379599.444742107,.124,10767.0781,0,0,0,0
1744379599.972860076,.124,10657.3320,0,0,0,0
