时间戳,CPU利用率,物理内存使用量(MB),磁盘读取(MB),磁盘写入(MB),磁盘读取次数,磁盘写入次数
1744379600.375432834,.133,10629.3085,0,0,0,0
1744379600.901426179,.077,10657.6484,10.3828,0,1338,0
1744379601.429323234,.125,10719.6484,0,0,0,0
1744379601.957398076,.124,10778.7734,0,0,0,0
1744379602.485568649,.124,10760.2109,0,0,0,0
1744379603.013471223,.125,10672.9257,0,0,0,0
1744379603.542248087,.124,10643.6992,0,0,0,0
1744379604.071712592,.124,10718.5742,0,0,0,0
1744379604.600622073,.124,10791.9492,0,0,0,0
1744379605.128229822,.125,10719.0000,0,0,0,0
