时间戳,CPU利用率,物理内存使用量(MB),磁盘读取(MB),磁盘写入(MB),磁盘读取次数,磁盘写入次数
1744379605.856616435,.100,10640.0976,.3945,0,50,0
1744379606.383971231,.087,10676.1640,7.5859,0,979,0
1744379606.912960546,.124,10737.7148,0,0,0,0
1744379607.442456460,.125,10795.2148,0,0,0,0
1744379607.969408832,.125,10717.4648,0,0,0,0
1744379608.502857397,.124,10647.7031,0,0,0,0
1744379609.031910695,.124,10697.0781,0,0,0,0
1744379609.560382884,.124,10777.0781,0,0,0,0
1744379610.089258114,.125,10741.1835,0,0,0,0
