时间戳,CPU利用率,物理内存使用量(MB),磁盘读取(MB),磁盘写入(MB),磁盘读取次数,磁盘写入次数
1744356905.532265718,.030,14732.2148,.4960,0,61,0
1744356906.059401010,.017,14748.4257,16.2695,0,1977,0
