时间戳,CPU利用率,物理内存使用量(MB),磁盘读取(MB),磁盘写入(MB),磁盘读取次数,磁盘写入次数
1744379625.418013293,.131,10700.3906,0,0,0,0
1744379625.945935272,.123,10701.2500,.8710,0,80,0
1744379626.474010511,.057,10713.9375,12.6757,0,1242,0
1744379627.002520900,.124,10714.0625,0,0,0,0
