时间戳,CPU利用率,物理内存使用量(MB),磁盘读取(MB),磁盘写入(MB),磁盘读取次数,磁盘写入次数
1744379621.385050473,.095,10660.6445,0,0,0,0
1744379621.913362790,.118,10662.2968,1.4726,0,187,0
1744379622.440300832,.011,10680.1875,18.0039,0,2190,0
1744379622.968701289,.091,10685.1875,5.0703,.2187,540,55
