时间戳,CPU利用率,物理内存使用量(MB),磁盘读取(MB),磁盘写入(MB),磁盘读取次数,磁盘写入次数
1744379628.970118026,.131,10728.5312,0,0,0,0
1744379629.498326932,.117,10730.8359,2.3085,0,222,0
1744379630.025015355,.087,10740.7148,9.8789,0,932,0
