时间戳,CPU利用率,物理内存使用量(MB),磁盘读取(MB),磁盘写入(MB),磁盘读取次数,磁盘写入次数
1744379623.558694956,.140,10685.1914,0,0,0,0
1744379624.087471043,.118,10686.5273,1.3554,0,144,0
1744379624.616289413,.045,10700.3906,13.8476,0,1424,0
1744379625.144514575,.124,10700.3906,0,0,0,0
