时间戳,CPU利用率,物理内存使用量(MB),磁盘读取(MB),磁盘写入(MB),磁盘读取次数,磁盘写入次数
1744379627.219276850,.136,10713.9375,0,0,0,0
1744379627.746898229,.122,10715.1328,1.0546,0,106,0
1744379628.275020471,.067,10728.5273,13.5351,0,1312,0
