时间戳,CPU利用率,物理内存使用量(MB),磁盘读取(MB),磁盘写入(MB),磁盘读取次数,磁盘写入次数
1744377957.698506698,.035,8442.0742,1.0078,0,97,0
1744377958.223802509,.029,8467.7890,25.6367,0,2332,0
1744377958.752084688,.045,8488.5273,20.7226,0,2097,0
