时间戳,CPU利用率,物理内存使用量(MB),磁盘读取(MB),磁盘写入(MB),磁盘读取次数,磁盘写入次数
1744377953.822394242,.033,8279.2695,.8007,0,83,0
1744377954.351001565,.026,8302.6406,23.4140,0,2265,0
1744377954.880787199,.033,8323.7460,21.0546,0,2213,0
1744377955.408558396,.012,8343.5781,19.5234,0,2340,0
1744377955.935920409,.011,8364.5195,21.0898,0,2364,0
1744377956.463493518,.012,8388.6367,24.1171,0,2414,0
1744377956.990788911,.017,8421.4218,32.8710,0,3150,0
