时间戳,CPU利用率,物理内存使用量(MB),磁盘读取(MB),磁盘写入(MB),磁盘读取次数,磁盘写入次数
1744377959.134226878,.041,8496.5312,.9453,0,93,0
1744377959.661572661,.041,8520.0468,23.5117,0,2292,0
1744377960.190157298,.032,8540.5468,20.4335,0,2128,0
