时间戳,CPU利用率,物理内存使用量(MB),磁盘读取(MB),磁盘写入(MB),磁盘读取次数,磁盘写入次数
1744377960.697228212,.049,8551.2734,1.1250,0,103,0
1744377961.224219249,.046,8579.4296,28.1640,0,2607,0
