时间戳,CPU利用率,物理内存使用量(MB),磁盘读取(MB),磁盘写入(MB),磁盘读取次数,磁盘写入次数
1744377736.380739854,.097,7536.2460,0,0,0,0
1744377736.907777686,.193,7589.9375,.1796,0,8,0
1744377737.437005420,.314,7612.2382,0,0,0,0
1744377737.968207569,.375,7612.4882,0,0,0,0
1744377738.506338188,.376,7620.4882,0,0,0,0
1744377739.037395224,.375,7620.6132,0,0,0,0
1744377739.567528470,.372,7636.6367,0,0,0,0
1744377740.097021802,.373,7636.9101,0,0,0,0
1744377740.626762351,.376,7637.4101,0,0,0,0
1744377741.156856857,.373,7638.2070,0,0,0,0
1744377741.687790414,.375,7639.3320,0,0,0,0
1744377742.217970984,.376,7640.0820,0,0,0,0
1744377742.749007952,.372,7641.0195,0,0,0,0
1744377743.279150588,.376,7642.5195,0,0,0,0
1744377743.809234772,.219,7536.3125,0,0,0,0
1744377744.337615037,.232,7592.8359,0,0,0,0
1744377744.868987781,.349,7612.5234,0,0,0,0
1744377745.402479244,.374,7636.5781,0,0,0,0
1744377745.934918032,.373,7637.2031,0,0,0,0
1744377746.466243851,.375,7638.2031,0,0,0,0
1744377746.997458973,.375,7639.9531,0,0,0,0
1744377747.529161605,.375,7642.2031,0,0,0,0
