时间戳,CPU利用率,物理内存使用量(MB),磁盘读取(MB),磁盘写入(MB),磁盘读取次数,磁盘写入次数
1744355401.368955586,.100,10777.7968,0,0,0,0
1744355401.896391017,.131,10777.7929,0,0,0,0
1744355402.426596730,.131,10777.7929,0,0,0,0
1744355402.956514772,.130,10777.7929,0,0,0,0
1744355403.485097361,.130,10777.7929,0,0,0,0
1744355404.015012260,.130,10777.7929,0,0,0,0
1744355404.544243300,.130,10777.7929,0,0,0,0
1744355405.075101540,.132,10777.7929,0,0,0,0
1744355405.605767442,.130,10777.7929,0,0,0,0
1744355406.135263363,.130,10777.7929,0,0,0,0
1744355406.665113180,.130,10777.7929,0,0,0,0
1744355407.195378621,.129,10777.7929,0,0,0,0
1744355407.729659835,.132,10777.6171,0,0,0,0
1744355408.260398495,.129,10777.6171,0,0,0,0
1744355408.790713579,.130,10777.6171,0,0,0,0
1744355409.319870894,.131,10777.6171,0,0,0,0
1744355409.850134110,.131,10777.6171,0,.0156,0,1
1744355410.381820435,.131,10777.6250,0,0,0,0
1744355410.913526297,.130,10777.6250,0,0,0,0
1744355411.443151171,.130,10777.6250,0,0,0,0
1744355411.974666446,.130,10777.6250,0,0,0,0
1744355412.505847253,.130,10777.6250,0,0,0,0
1744355413.036346343,.129,10777.6250,0,0,0,0
1744355413.566878602,.131,10777.6250,0,0,0,0
1744355414.096862954,.130,10777.6250,0,0,0,0
1744355414.625975658,.130,10777.6250,0,0,0,0
1744355415.155925711,.129,10777.6250,0,0,0,0
1744355415.687447140,.130,10777.6250,0,0,0,0
1744355416.217783183,.131,10777.6289,0,0,0,0
1744355416.747247351,.130,10777.6289,0,0,0,0
