时间戳,CPU利用率,物理内存使用量(MB),磁盘读取(MB),磁盘写入(MB),磁盘读取次数,磁盘写入次数
1744378460.978563864,.137,9623.1796,0,0,0,0
1744378461.509266955,.125,9643.4296,0,0,0,0
1744378462.038122293,.124,9692.4296,0,0,0,0
1744378462.567343519,.124,9675.1484,0,0,0,0
1744378463.096331796,.124,9633.3671,0,0,0,0
1744378463.625502251,.125,9683.7421,0,0,0,0
1744378464.156326687,.124,9686.6093,0,0,0,0
