时间戳,CPU利用率,物理内存使用量(MB),磁盘读取(MB),磁盘写入(MB),磁盘读取次数,磁盘写入次数
1744378464.458367875,.137,9622.9062,0,0,0,0
1744378464.985883428,.125,9640.3789,0,0,0,0
1744378465.517031230,.124,9689.8789,0,0,0,0
1744378466.046157370,.125,9662.4570,0,0,0,0
1744378466.574184515,.124,9634.1289,0,0,0,0
1744378467.102361210,.124,9685.6289,0,0,0,0
1744378467.630453428,.124,9662.4023,0,0,0,0
