时间戳,CPU利用率,物理内存使用量(MB),磁盘读取(MB),磁盘写入(MB),磁盘读取次数,磁盘写入次数
1744378456.211025185,.136,9623.0781,0,0,0,0
1744378456.738095423,.125,9643.1601,0,0,0,0
1744378457.266258487,.124,9694.6601,0,0,0,0
1744378457.794588739,.124,9748.2656,0,0,0,0
1744378458.323391215,.124,9741.9140,0,0,0,0
1744378458.852726017,.124,9627.4726,0,0,0,0
1744378459.381972763,.125,9665.4726,0,0,0,0
1744378459.909739576,.125,9727.9492,0,0,0,0
1744378460.437835645,.124,9766.7890,0,0,0,0
