时间戳,CPU利用率,物理内存使用量(MB),磁盘读取(MB),磁盘写入(MB),磁盘读取次数,磁盘写入次数
1744378451.872872685,.131,9623.5781,0,0,0,0
1744378452.400315632,.125,9643.8750,0,0,0,0
1744378452.928848292,.124,9697.2500,0,0,0,0
1744378453.456842292,.124,9747.9218,0,0,0,0
1744378453.985274542,.125,9628.2851,0,0,0,0
1744378454.517983574,.124,9637.9492,0,0,0,0
1744378455.046397814,.124,9695.1992,0,0,0,0
1744378455.574709982,.124,9750.2460,0,0,0,0
