时间戳,CPU利用率,物理内存使用量(MB),磁盘读取(MB),磁盘写入(MB),磁盘读取次数,磁盘写入次数
1744378446.773461145,.096,9621.9570,0,0,0,0
1744378447.300136780,.125,9638.7070,.1015,0,3,0
1744378447.828451545,.125,9694.5820,0,0,0,0
1744378448.356812615,.124,9751.6171,0,0,0,0
1744378448.887982599,.125,9779.5390,0,0,0,0
1744378449.415744505,.124,9623.3164,0,87.3085,0,220
1744378449.944250826,.125,9652.3164,0,0,0,0
1744378450.473715573,.125,9710.9765,0,0,0,0
1744378451.001681848,.125,9780.1015,0,0,0,0
1744378451.530564067,.124,9696.0859,0,0,0,0
