时间戳,CPU利用率,物理内存使用量(MB),磁盘读取(MB),磁盘写入(MB),磁盘读取次数,磁盘写入次数
1744379009.904390946,.100,10297.7851,0,0,0,0
1744379010.433855418,.125,10297.7851,0,0,0,0
1744379010.962309853,.124,10297.9101,.0234,0,3,0
