时间戳,CPU利用率,物理内存使用量(MB),磁盘读取(MB),磁盘写入(MB),磁盘读取次数,磁盘写入次数
1744379006.715377375,.137,10297.8320,0,0,0,0
1744379007.242915671,.125,10297.8320,0,0,0,0
1744379007.773321380,.124,10297.8320,.0312,0,3,0
