时间戳,CPU利用率,物理内存使用量(MB),磁盘读取(MB),磁盘写入(MB),磁盘读取次数,磁盘写入次数
1744379003.598069719,.145,10297.6406,0,0,0,0
1744379004.125619986,.125,10297.6406,0,0,0,0
1744379004.653467570,.124,10297.8007,.0703,0,4,0
