时间戳,CPU利用率,物理内存使用量(MB),磁盘读取(MB),磁盘写入(MB),磁盘读取次数,磁盘写入次数
1744379005.169171192,.147,10297.8320,0,0,0,0
1744379005.700312316,.124,10297.8320,0,0,0,0
1744379006.232905929,.124,10297.8007,0,0,0,0
