时间戳,CPU利用率,物理内存使用量(MB),磁盘读取(MB),磁盘写入(MB),磁盘读取次数,磁盘写入次数
1744379008.295531826,.108,10297.7460,0,0,0,0
1744379008.821939736,.125,10297.7460,0,0,0,0
1744379009.350703999,.123,10297.8789,.0468,0,3,0
