时间戳,CPU利用率,物理内存使用量(MB),磁盘读取(MB),磁盘写入(MB),磁盘读取次数,磁盘写入次数
1744355544.576252084,.239,10950.7265,0,0,0,0
1744355545.103658539,.129,10950.7226,0,0,0,0
1744355545.631775629,.129,10950.6601,0,0,0,0
1744355546.161176364,.130,10950.6640,0,0,0,0
1744355546.692121108,.128,10950.6640,0,0,0,0
1744355547.220320248,.130,10950.6640,0,0,0,0
1744355547.747524548,.129,10950.6875,0,0,0,0
1744355548.273911378,.129,10950.7031,0,0,0,0
1744355548.802061845,.129,10950.7226,0,0,0,0
1744355549.331862270,.129,10950.7304,0,0,0,0
1744355549.864202548,.129,10950.7343,0,0,0,0
1744355550.395284322,.129,10950.7382,0,0,0,0
1744355550.927168966,.129,10950.7382,0,0,0,0
1744355551.457480360,.133,10950.7460,0,0,0,0
1744355551.989152901,.129,10950.7460,0,0,0,0
1744355552.528288537,.128,10950.7460,0,0,0,0
1744355553.061057351,.135,10950.8164,0,0,0,0
1744355553.592821954,.129,10950.8164,0,0,0,0
1744355554.127471646,.129,10950.8164,0,0,0,0
1744355554.660815654,.129,10950.8242,0,0,0,0
1744355555.193284021,.130,10950.8281,0,0,0,0
1744355555.726244492,.128,10950.8281,0,0,0,0
1744355556.259721843,.130,10950.8515,0,0,0,0
1744355556.793851783,.129,10950.8789,0,0,0,0
1744355557.325778970,.129,10950.8906,0,0,0,0
1744355557.859194790,.129,10950.8906,0,0,0,0
1744355558.392803639,.129,10950.8984,0,0,0,0
1744355558.926381011,.128,10951.0234,0,0,0,0
1744355559.459629489,.128,10950.9101,0,0,0,0
1744355559.993125804,.131,10950.9101,0,0,0,0
1744355560.526657456,.129,10950.9101,0,0,0,0
1744355561.060084927,.128,10950.9101,0,0,0,0
1744355561.595028800,.129,10950.9101,0,0,0,0
