时间戳,CPU利用率,物理内存使用量(MB),磁盘读取(MB),磁盘写入(MB),磁盘读取次数,磁盘写入次数
1744377563.144680567,.390,7033.9179,.0312,0,8,0
1744377563.676636138,.291,7047.1484,.9062,0,230,0
1744377564.205183894,.317,7044.1445,0,0,0,0
