时间戳,CPU利用率,物理内存使用量(MB),磁盘读取(MB),磁盘写入(MB),磁盘读取次数,磁盘写入次数
1744377564.778709171,.414,7027.9648,0,0,0,0
1744377565.310080857,.284,6984.1796,0,.0078,0,1
1744377565.844537768,.341,7035.7148,0,0,0,0
