时间戳,CPU利用率,物理内存使用量(MB),磁盘读取(MB),磁盘写入(MB),磁盘读取次数,磁盘写入次数
1744377561.874987736,.347,7027.3007,0,0,0,0
1744377562.409191839,.306,7026.2773,0,0,0,0
