时间戳,CPU利用率,物理内存使用量(MB),磁盘读取(MB),磁盘写入(MB),磁盘读取次数,磁盘写入次数
1744379011.471098311,.139,10297.9531,0,0,0,0
1744379012.000327723,.124,10297.9531,0,0,0,0
1744379012.529808891,.125,10297.8554,0,0,0,0
1744379013.058735198,.097,10304.0273,6.0859,0,635,0
1744379013.586754204,.125,10309.4023,0,0,0,0
1744379014.115494205,.124,10338.6523,0,0,0,0
1744379014.644658911,.124,10369.4023,0,0,0,0
1744379015.172675845,.124,10400.0273,0,0,0,0
1744379015.699424508,.125,10426.9023,0,0,0,0
1744379016.227825774,.124,10426.9023,0,0,0,0
1744379016.755787879,.125,10426.9023,0,0,0,0
1744379017.283487854,.125,10426.9023,0,0,0,0
1744379017.810935716,.125,10431.4023,0,0,0,0
1744379018.338923405,.124,10435.7421,0,99.3554,0,239
1744379018.867047074,.124,10445.1171,0,0,0,0
1744379019.395013838,.123,10319.8476,0,0,0,0
1744379019.923444891,.124,10319.8476,0,0,0,0
1744379020.452767897,.124,10319.9726,0,0,0,0
1744379020.982682937,.125,10333.3476,0,0,0,0
1744379021.513061751,.124,10376.7226,0,0,0,0
1744379022.041391080,.125,10419.8476,0,0,0,0
1744379022.570088174,.124,10442.8476,0,0,0,0
1744379023.099152234,.124,10442.8476,0,0,0,0
1744379023.626071558,.125,10444.7226,0,0,0,0
1744379024.153563988,.125,10443.1132,0,0,0,0
