时间戳,CPU利用率,物理内存使用量(MB),磁盘读取(MB),磁盘写入(MB),磁盘读取次数,磁盘写入次数
1744377605.778346885,.137,7492.7070,0,0,0,0
1744377606.305384284,.325,7565.0507,.9843,0,83,0
1744377606.839836639,.372,7581.6757,0,0,0,0
1744377607.373894647,.375,7584.0898,0,0,0,0
1744377607.907834645,.373,7704.3398,0,0,0,0
1744377608.439729145,.374,7909.3437,0,0,0,0
1744377608.973325601,.376,8117.6875,0,0,0,0
1744377609.505889011,.374,8324.1875,0,0,0,0
1744377610.038636313,.374,8531.8125,0,0,0,0
1744377610.570330275,.367,8701.9453,0,0,0,0
1744377611.100972182,.353,8735.6367,0,0,0,0
1744377611.632877733,.353,8737.1250,0,0,0,0
1744377612.163682082,.193,7493.6953,0,0,0,0
1744377612.692386662,.305,7564.9492,0,0,0,0
1744377613.227603919,.374,7581.5742,0,0,0,0
1744377613.761694049,.376,7584.0742,0,0,0,0
1744377614.293339433,.372,7744.1992,0,0,0,0
1744377614.827265465,.373,8023.9492,0,0,0,0
1744377615.361133387,.376,8301.0078,0,0,0,0
1744377615.895443712,.373,8581.7304,0,0,0,0
1744377616.430392576,.361,8701.5859,0,0,0,0
1744377616.960764249,.349,8735.4843,0,0,0,0
1744377617.490830073,.352,8721.7890,0,0,0,0
