时间戳,CPU利用率,物理内存使用量(MB),磁盘读取(MB),磁盘写入(MB),磁盘读取次数,磁盘写入次数
1744359201.035916080,.104,13648.7578,0,0,0,0
1744359201.562749668,.149,13648.7539,0,0,0,0
1744359202.091094023,.127,13648.7539,0,0,0,0
1744359202.620314373,.129,13648.7539,0,0,0,0
1744359203.149454051,.131,13648.7539,0,0,0,0
1744359203.678664442,.128,13648.7539,0,0,0,0
1744359204.206761291,.131,13648.7539,0,0,0,0
1744359204.735238092,.128,13648.7539,0,0,0,0
1744359205.263284131,.132,13648.7539,0,0,0,0
1744359205.791793278,.132,13648.7539,0,0,0,0
1744359206.320309072,.129,13648.7539,0,0,0,0
1744359206.848527914,.133,13648.7539,0,0,0,0
1744359207.377538918,.133,13648.7539,0,0,0,0
1744359207.904602635,.128,13648.5781,0,0,0,0
1744359208.432908553,.131,13648.7031,.0078,0,1,0
1744359208.960757973,.129,13648.7031,0,0,0,0
1744359209.490214208,.132,13648.5859,0,0,0,0
1744359210.019240257,.131,13648.5859,0,0,0,0
1744359210.548305683,.128,13648.5859,0,0,0,0
1744359211.077760754,.131,13648.5859,0,0,0,0
1744359211.607987293,.164,13648.5820,0,0,0,0
1744359212.138238039,.129,13648.5820,0,0,0,0
1744359212.667291722,.127,13648.5820,0,0,0,0
1744359213.197644267,.130,13648.5820,0,0,0,0
1744359213.727381306,.130,13648.5820,0,0,0,0
1744359214.258540538,.131,13648.5820,0,0,0,0
1744359214.788307510,.128,13648.5820,0,0,0,0
1744359215.317374515,.132,13648.5820,0,0,0,0
1744359215.846288448,.131,13648.5820,0,0,0,0
1744359216.374473624,.133,13648.5820,0,0,0,0
1744359216.903715118,.132,13648.5820,0,0,0,0
1744359217.432047990,.132,13648.5820,0,0,0,0
1744359217.961553506,.128,13648.5820,0,0,0,0
1744359218.501322176,.131,13648.5820,0,0,0,0
1744359219.031663475,.131,13648.5820,0,0,0,0
1744359219.560955122,.131,13648.7070,0,.0156,0,1
1744359220.089110718,.131,13648.7070,0,0,0,0
1744359220.619162813,.129,13648.5820,0,0,0,0
1744359221.148039757,.129,13648.5820,0,0,0,0
1744359221.678489153,.130,13648.5820,0,0,0,0
