时间戳,CPU利用率,物理内存使用量(MB),磁盘读取(MB),磁盘写入(MB),磁盘读取次数,磁盘写入次数
1744359222.041225538,.454,13648.6445,0,0,0,0
1744359222.570574772,.136,13648.6406,0,0,0,0
1744359223.099871660,.128,13648.6406,0,0,0,0
1744359223.628246028,.130,13648.6367,0,0,0,0
1744359224.157202078,.131,13648.6367,0,0,0,0
1744359224.687700178,.130,13648.6367,0,0,0,0
1744359225.216155052,.128,13648.6367,0,0,0,0
1744359225.746608516,.131,13648.6367,0,0,0,0
1744359226.276492330,.131,13648.7617,0,0,0,0
1744359226.805794392,.133,13648.6367,0,0,0,0
1744359227.335718150,.132,13648.6367,0,0,0,0
1744359227.864136747,.131,13648.6367,0,0,0,0
1744359228.393222043,.131,13648.6367,0,0,0,0
1744359228.922229458,.132,13648.6367,0,0,0,0
1744359229.451615842,.131,13648.6367,0,0,0,0
1744359229.980428482,.128,13648.6367,0,0,0,0
1744359230.511004824,.132,13648.6367,0,0,0,0
1744359231.039609324,.130,13648.6367,0,0,0,0
1744359231.568175538,.130,13648.6367,0,0,0,0
1744359232.097503402,.142,13648.6367,0,0,0,0
1744359232.626262815,.138,13648.6367,0,0,0,0
1744359233.154253000,.129,13648.6367,0,0,0,0
1744359233.682497773,.128,13648.6367,0,0,0,0
1744359234.212364437,.130,13648.6367,0,0,0,0
1744359234.740833777,.131,13648.6367,0,0,0,0
1744359235.270340215,.132,13648.6367,0,0,0,0
1744359235.800466487,.135,13648.6367,0,0,0,0
1744359236.329085935,.130,13648.6367,0,0,0,0
1744359236.859463158,.132,13648.6367,0,0,0,0
1744359237.388616441,.132,13648.6367,0,0,0,0
1744359237.918386467,.132,13648.6367,0,0,0,0
1744359238.446680379,.132,13648.6367,0,0,0,0
1744359238.975714909,.131,13648.7617,0,0,0,0
1744359239.505838755,.131,13648.6367,0,0,0,0
1744359240.036492852,.128,13648.6367,0,0,0,0
1744359240.564220597,.131,13648.6367,0,0,0,0
1744359241.094731991,.131,13648.6367,0,0,0,0
1744359241.623189783,.130,13648.6367,0,0,0,0
