时间戳,CPU利用率,物理内存使用量(MB),磁盘读取(MB),磁盘写入(MB),磁盘读取次数,磁盘写入次数
1744372934.035493905,.212,15329.5820,0,0,0,0
1744372934.563771487,.130,15329.7617,.0156,0,2,0
1744372935.092865992,.125,15329.7617,0,0,0,0
1744372935.620374534,.246,15329.6523,0,0,0,0
1744372936.148529328,.154,13575.6992,0,0,0,0
1744372936.679268211,.125,13575.6992,0,0,0,0
1744372937.205865569,.125,13575.6992,0,0,0,0
1744372937.734712018,.125,13575.6992,0,0,0,0
1744372938.262946235,.125,13575.6992,0,0,0,0
1744372938.791457474,.125,13575.6992,0,0,0,0
1744372939.319799926,.126,13575.7031,0,0,0,0
1744372939.849549831,.352,13575.8281,0,0,0,0
1744372940.377819225,.125,13575.8281,0,0,0,0
1744372940.904765884,.124,13575.8281,0,0,0,0
1744372941.432802059,.125,13575.8281,0,0,0,0
1744372941.960248370,.125,13575.8281,0,0,0,0
1744372942.488114333,.170,13575.8281,0,0,0,0
1744372943.016630240,.258,13575.8281,0,0,0,0
1744372943.545964403,.125,13575.8281,0,0,0,0
1744372944.077034543,.124,13575.8281,0,0,0,0
1744372944.607872600,.125,13575.8281,0,0,0,0
1744372945.139026594,.152,13575.8281,0,0,0,0
