时间戳,CPU利用率,物理内存使用量(MB),磁盘读取(MB),磁盘写入(MB),磁盘读取次数,磁盘写入次数
1744372972.528207510,.132,13576.0859,0,0,0,0
1744372973.056356456,.183,13576.0820,0,0,0,0
1744372973.585376042,.126,13576.0820,0,0,0,0
1744372974.113436024,.271,13576.0820,0,0,0,0
1744372974.643819994,.167,13576.0820,0,0,0,0
1744372975.171637253,.125,13576.0820,0,0,0,0
1744372975.698720922,.125,13576.0820,0,0,0,0
1744372976.227303671,.125,13576.0820,0,0,0,0
1744372976.756564046,.125,13576.0820,0,0,0,0
1744372977.284454130,.280,13576.0820,0,0,0,0
1744372977.813080943,.125,13576.0820,0,0,0,0
1744372978.342127497,.126,13576.0820,0,0,0,0
1744372978.872247818,.125,13576.1484,0,0,0,0
1744372979.401144569,.126,13576.1445,0,0,0,0
1744372979.930333553,.125,13576.1445,0,0,0,0
1744372980.460002296,.185,13576.1445,0,0,0,0
1744372980.988507348,.338,13576.1445,0,0,0,0
1744372981.519939735,.125,13576.1445,0,0,0,0
1744372982.047960083,.125,13576.1445,0,.0156,0,1
1744372982.575741244,.125,13576.1445,0,0,0,0
1744372983.104796266,.125,13576.1445,0,0,0,0
1744372983.634502512,.242,13576.1445,0,0,0,0
1744372984.162946128,.125,13576.1445,0,0,0,0
1744372984.692295007,.125,13576.1445,0,0,0,0
1744372985.220378741,.125,13576.1445,0,0,0,0
1744372985.749069875,.125,13576.1445,0,0,0,0
