时间戳,CPU利用率,物理内存使用量(MB),磁盘读取(MB),磁盘写入(MB),磁盘读取次数,磁盘写入次数
1744372986.145370490,.154,13576.1640,0,0,0,0
1744372986.674891364,.196,13576.1601,0,0,0,0
1744372987.203668697,.125,13576.1601,0,0,0,0
1744372987.741304661,.189,13576.1601,0,0,0,0
1744372988.285208526,.256,13576.1601,0,0,0,0
1744372988.814958028,.125,13576.1601,0,0,0,0
1744372989.345587058,.125,13576.1601,0,0,0,0
1744372989.877211563,.125,13576.1601,0,0,0,0
1744372990.406481114,.125,13576.1601,0,0,0,0
1744372990.936793822,.124,13576.1601,0,0,0,0
1744372991.468600219,.275,13576.1601,0,0,0,0
1744372992.001014493,.125,13576.1601,0,0,0,0
1744372992.533103850,.126,13576.1601,0,0,0,0
1744372993.065584404,.125,13576.1601,0,0,0,0
1744372993.598609618,.124,13576.1601,0,0,0,0
1744372994.132545338,.124,13576.1601,0,0,0,0
1744372994.665426679,.198,13576.1601,0,0,0,0
1744372995.199523337,.124,13576.1601,0,0,0,0
1744372995.763394982,.307,13576.1601,0,0,0,0
1744372996.291660652,.125,13576.1601,0,0,0,0
1744372996.820935886,.125,13576.1601,0,0,0,0
1744372997.349496849,.126,13576.1601,0,0,0,0
1744372997.879336446,.124,13576.1601,0,0,0,0
1744372998.411374793,.221,13576.1601,0,0,0,0
1744372998.941430774,.125,13576.1601,0,0,0,0
1744372999.472646829,.124,13575.9843,0,0,0,0
1744373000.003148552,.125,13575.9843,0,0,0,0
1744373000.537939542,.125,13575.9843,0,0,0,0
1744373001.068260626,.124,13575.9843,0,0,0,0
