时间戳,CPU利用率,物理内存使用量(MB),磁盘读取(MB),磁盘写入(MB),磁盘读取次数,磁盘写入次数
1744372945.544480344,.127,13575.8320,0,0,0,0
1744372946.071609898,.125,13575.8281,0,0,0,0
1744372946.599642443,.125,13575.8281,0,0,0,0
1744372947.126641896,.125,13575.8281,0,0,0,0
1744372947.655160347,.125,13575.8281,0,0,0,0
1744372948.184943883,.124,13575.8281,0,0,0,0
1744372948.713953824,.126,13575.8281,0,0,0,0
1744372949.241870728,.199,13575.8281,0,0,0,0
1744372949.770339563,.125,13575.8281,0,0,0,0
1744372950.298556300,.125,13575.8281,0,0,0,0
1744372950.827317159,.125,13575.8281,0,0,0,0
1744372951.353567248,.125,13575.8281,0,.0156,0,1
1744372951.882286845,.249,13575.8281,0,0,0,0
1744372952.415134434,.218,13575.8320,0,0,0,0
1744372952.943484662,.125,13575.8281,0,0,0,0
1744372953.471934593,.125,13575.8281,0,0,0,0
1744372954.001317576,.124,13575.8281,0,0,0,0
1744372954.530350571,.126,13575.8281,0,0,0,0
1744372955.059851108,.252,13575.8281,0,0,0,0
1744372955.588116065,.125,13575.8281,0,0,0,0
1744372956.116678314,.125,13575.8281,0,0,0,0
1744372956.646091897,.126,13575.8281,0,0,0,0
1744372957.174265911,.125,13575.8281,0,0,0,0
1744372957.701408256,.176,13575.8281,0,0,0,0
1744372958.230376209,.125,13575.8281,0,0,0,0
1744372958.758986251,.125,13575.8281,0,0,0,0
1744372959.287819509,.125,13575.8281,0,0,0,0
1744372959.816224919,.295,13575.8281,0,0,0,0
