时间戳,CPU利用率,物理内存使用量(MB),磁盘读取(MB),磁盘写入(MB),磁盘读取次数,磁盘写入次数
1744377700.092827058,.099,7470.3554,0,0,0,0
1744377700.621096921,.343,7538.4101,0,0,0,0
1744377701.152041996,.372,7558.7851,0,0,0,0
1744377701.683475194,.375,7560.7851,0,0,0,0
1744377702.213145894,.376,7563.0351,0,0,0,0
1744377702.744935211,.374,7687.8710,0,0,0,0
1744377703.279379865,.373,7896.3710,0,0,0,0
1744377703.811976005,.374,8105.6210,0,0,0,0
1744377704.344584486,.374,8310.2890,0,0,0,0
1744377704.878569946,.376,8519.6250,0,0,0,0
1744377705.412983599,.366,8680.2812,0,0,0,0
1744377705.944641143,.349,8712.5000,0,0,0,0
1744377706.475120142,.359,8744.7265,0,0,0,0
1744377707.006337904,.190,7470.3593,0,0,0,0
1744377707.534760436,.332,7538.4257,0,0,0,0
1744377708.064025825,.373,7558.8007,0,0,0,0
1744377708.596352050,.374,7560.8515,0,0,0,0
1744377709.127071667,.375,7562.9765,0,0,0,0
1744377709.657017095,.373,7680.1015,0,0,0,0
1744377710.186871155,.375,7881.1132,0,0,0,0
1744377710.718161883,.375,8083.9882,0,0,0,0
1744377711.247871121,.373,8285.1132,0,0,0,0
1744377711.778457937,.375,8488.3593,0,0,0,0
1744377712.309199163,.365,8680.5351,0,0,0,0
1744377712.845018346,.352,8712.7968,0,0,0,0
1744377713.377859822,.351,8745.0546,0,0,0,0
