时间戳,CPU利用率,物理内存使用量(MB),磁盘读取(MB),磁盘写入(MB),磁盘读取次数,磁盘写入次数
1744378442.155400800,.131,9617.4531,0,0,0,0
1744378442.681950027,.200,9666.9648,0,0,0,0
1744378443.212659487,.372,9667.8320,0,0,0,0
1744378443.743325027,.375,9667.8320,0,0,0,0
1744378444.273233389,.373,9667.8320,0,0,0,0
1744378444.802143928,.377,9667.8320,0,0,0,0
1744378445.330903070,.204,9617.4453,0,0,0,0
1744378445.859514457,.293,9667.8632,0,0,0,0
1744378446.392287975,.374,9667.8203,0,0,0,0
