时间戳,CPU利用率,物理内存使用量(MB),磁盘读取(MB),磁盘写入(MB),磁盘读取次数,磁盘写入次数
1744378406.833114446,.156,9615.8281,0,0,0,0
1744378407.360929316,.212,9666.3046,.0195,0,2,0
1744378407.893332000,.376,9666.3046,0,0,0,0
1744378408.425182482,.375,9666.3046,0,0,0,0
1744378408.958132372,.374,9666.3046,0,0,0,0
1744378409.490648532,.374,9666.3046,0,0,0,0
1744378410.023001056,.278,9616.0820,0,0,0,0
1744378410.550724530,.125,9616.0820,0,0,0,0
1744378411.079679600,.125,9616.0859,0,0,0,0
1744378411.608200006,.124,9616.0859,0,0,0,0
1744378412.138333125,.125,9616.0859,0,0,0,0
1744378412.666850216,.122,9616.6171,.4843,0,41,0
1744378413.195814856,.122,9616.3593,.0234,0,3,0
1744378413.726685283,.363,9666.7968,0,0,0,0
1744378414.259880265,.374,9666.7539,0,0,0,0
1744378414.790996780,.375,9666.7539,0,0,0,0
1744378415.324644472,.149,9616.6132,0,.0507,0,13
1744378415.853988026,.125,9616.6132,0,0,0,0
1744378416.382757362,.124,9616.6132,0,0,0,0
