时间戳,CPU利用率,物理内存使用量(MB),磁盘读取(MB),磁盘写入(MB),磁盘读取次数,磁盘写入次数
1744378405.288744672,.121,9615.8554,0,0,0,0
1744378405.820154464,.168,9665.2890,.0078,0,1,0
1744378406.352850695,.145,9615.8281,0,0,0,0
