时间戳,CPU利用率,物理内存使用量(MB),磁盘读取(MB),磁盘写入(MB),磁盘读取次数,磁盘写入次数
1744379630.658831835,.133,10740.8437,0,0,0,0
1744379631.184790877,.120,10742.5937,1.9492,0,194,0
1744379631.712914395,.107,10746.3828,3.7187,0,392,0
