时间戳,CPU利用率,物理内存使用量(MB),磁盘读取(MB),磁盘写入(MB),磁盘读取次数,磁盘写入次数
1744379635.321121495,.094,10756.3515,0,0,0,0
1744379635.849828310,.120,10758.1015,1.7148,0,175,0
1744379636.378053089,.117,10758.9218,.8593,0,100,0
