时间戳,CPU利用率,物理内存使用量(MB),磁盘读取(MB),磁盘写入(MB),磁盘读取次数,磁盘写入次数
1744379632.202271481,.145,10746.3867,0,0,0,0
1744379632.732857404,.119,10748.6367,2.1757,0,226,0
1744379633.263028034,.110,10751.7695,3.1054,0,325,0
