时间戳,CPU利用率,物理内存使用量(MB),磁盘读取(MB),磁盘写入(MB),磁盘读取次数,磁盘写入次数
1744379633.751134748,.137,10751.6679,0,0,0,0
1744379634.277947141,.122,10753.0507,1.3984,0,162,0
1744379634.806527901,.106,10756.3554,3.2851,0,338,0
