时间戳,CPU利用率,物理内存使用量(MB),磁盘读取(MB),磁盘写入(MB),磁盘读取次数,磁盘写入次数
1744379636.827780199,.131,10759.0507,0,0,0,0
1744379637.356513894,.121,10760.0976,1.1718,0,133,0
1744379637.885668573,.114,10761.3828,1.2890,0,139,0
