时间戳,CPU利用率,物理内存使用量(MB),磁盘读取(MB),磁盘写入(MB),磁盘读取次数,磁盘写入次数
1744358738.798099251,.131,13472.3789,0,0,0,0
1744358739.329312597,.130,13472.2578,0,0,0,0
1744358739.858497765,.130,13472.2578,0,0,0,0
1744358740.386208735,.131,13472.2578,0,0,0,0
1744358740.916838576,.130,13472.2578,0,0,0,0
1744358741.446966890,.131,13472.2578,0,0,0,0
1744358741.978152017,.130,13472.2578,0,0,0,0
