时间戳,CPU利用率,物理内存使用量(MB),磁盘读取(MB),磁盘写入(MB),磁盘读取次数,磁盘写入次数
1744358742.537620867,.136,13472.3476,0,0,0,0
1744358743.067661003,.130,13472.4687,.0039,0,1,0
1744358743.596041734,.131,13472.3476,0,0,0,0
1744358744.124856591,.128,13472.3476,0,0,0,0
1744358744.655647225,.130,13472.3476,0,0,0,0
1744358745.187221942,.130,13472.3476,0,0,0,0
1744358745.715824639,.129,13472.3476,0,0,0,0
1744358746.248715546,.130,13472.3476,0,0,0,0
1744358746.778482136,.131,13472.3476,0,0,0,0
1744358747.306513177,.130,13472.3476,0,0,0,0
1744358747.835839516,.130,13472.3476,0,0,0,0
1744358748.366466014,.131,13472.3476,0,0,0,0
