时间戳,CPU利用率,物理内存使用量(MB),磁盘读取(MB),磁盘写入(MB),磁盘读取次数,磁盘写入次数
1744358735.153298063,.103,13472.2421,0,0,0,0
1744358735.683460210,.131,13472.2382,0,0,0,0
1744358736.212242646,.130,13472.2460,.0078,0,1,0
1744358736.741921037,.131,13472.2539,.0039,0,1,0
1744358737.272939581,.130,13472.2500,0,0,0,0
1744358737.802373285,.130,13472.2500,0,0,0,0
1744358738.332343201,.130,13472.2500,0,0,0,0
