时间戳,CPU利用率,物理内存使用量(MB),磁盘读取(MB),磁盘写入(MB),磁盘读取次数,磁盘写入次数
1744358748.817888683,.134,13472.3476,0,0,0,0
1744358749.346246326,.130,13472.3476,0,0,0,0
1744358749.874748407,.130,13472.3476,0,0,0,0
1744358750.405217274,.130,13472.3476,0,0,0,0
