时间戳,CPU利用率,物理内存使用量(MB),磁盘读取(MB),磁盘写入(MB),磁盘读取次数,磁盘写入次数
1744377556.944743692,.100,6680.4218,2.7500,.0078,23,1
1744377557.472593439,.121,6748.6914,63.3750,2.5000,512,12
1744377558.001390837,.124,6808.1914,56.3750,2.5000,453,10
1744377558.530071898,.124,6862.1914,46.2031,2.0937,370,158
