时间戳,CPU利用率,物理内存使用量(MB),磁盘读取(MB),磁盘写入(MB),磁盘读取次数,磁盘写入次数
1744377935.046272340,.022,7906.8320,.7968,0,81,0
1744377935.573804416,.086,7914.0156,7.1835,0,832,0
1744377936.102890211,.124,7914.0156,0,0,0,0
1744377936.631032702,.124,7914.0156,0,0,0,0
1744377937.159893696,.124,7914.0156,0,0,0,0
1744377937.688787688,.124,7914.0156,0,0,0,0
1744377938.216158278,.125,7914.0156,0,0,0,0
1744377938.744507773,.124,7914.0156,0,0,0,0
1744377939.272588819,.124,7914.0156,0,0,0,0
1744377939.800930213,.124,7914.0156,0,0,0,0
1744377940.329368701,.125,7914.0156,0,0,0,0
1744377940.859786796,.124,7914.0156,0,0,0,0
1744377941.388786140,.124,7914.0156,0,0,0,0
