时间戳,CPU利用率,物理内存使用量(MB),磁盘读取(MB),磁盘写入(MB),磁盘读取次数,磁盘写入次数
1744377928.246963350,.026,7892.8242,.8085,0,86,0
1744377928.776892207,.086,7899.6835,6.9296,0,782,0
1744377929.308323795,.125,7899.6835,0,0,0,0
1744377929.840821552,.124,7899.6835,0,0,0,0
1744377930.371950144,.126,7899.6875,0,0,0,0
1744377930.904286171,.124,7899.6875,0,0,0,0
1744377931.435718434,.125,7899.6875,0,0,0,0
1744377931.969203631,.124,7899.6875,0,0,0,0
1744377932.505815781,.125,7899.6875,0,0,0,0
1744377933.040413637,.124,7899.6875,0,0,0,0
1744377933.575185952,.125,7899.6875,0,0,0,0
1744377934.107817455,.125,7899.6875,0,0,0,0
1744377934.640060660,.123,7899.6875,0,0,0,0
