时间戳,CPU利用率,物理内存使用量(MB),磁盘读取(MB),磁盘写入(MB),磁盘读取次数,磁盘写入次数
1744377914.647074263,.024,7860.6757,.9843,0,88,0
1744377915.174081509,.063,7871.2890,10.5429,0,1296,0
1744377915.702333722,.124,7871.2890,0,0,0,0
1744377916.229925773,.125,7871.2890,0,0,0,0
1744377916.758124077,.124,7871.2890,0,0,0,0
1744377917.285764585,.125,7871.2890,0,0,0,0
1744377917.813462958,.125,7871.2890,0,0,0,0
1744377918.341946993,.124,7871.2890,0,0,0,0
1744377918.871339762,.124,7871.2890,0,0,0,0
1744377919.399491876,.124,7871.2890,0,0,0,0
1744377919.927883629,.124,7871.2890,0,0,0,0
1744377920.456653046,.124,7871.2890,0,0,0,0
1744377920.984954762,.124,7871.2890,0,0,0,0
