时间戳,CPU利用率,物理内存使用量(MB),磁盘读取(MB),磁盘写入(MB),磁盘读取次数,磁盘写入次数
1744377921.337000790,.028,7877.2070,.7968,0,80,0
1744377921.864147052,.066,7886.7968,9.6757,0,1111,0
1744377922.393874177,.125,7886.7968,0,0,0,0
1744377922.922715962,.124,7886.7968,0,0,0,0
1744377923.452031609,.125,7886.7968,0,0,0,0
1744377923.982816913,.124,7886.7968,0,0,0,0
1744377924.517349068,.125,7886.7968,0,0,0,0
1744377925.048928934,.124,7886.7968,0,0,0,0
1744377925.580749390,.125,7886.7968,0,0,0,0
1744377926.111621508,.124,7886.7968,0,0,0,0
1744377926.644017316,.124,7886.7968,0,0,0,0
1744377927.176469315,.124,7886.7968,0,.0898,0,23
1744377927.709177711,.124,7886.7968,0,0,0,0
