时间戳,CPU利用率,物理内存使用量(MB),磁盘读取(MB),磁盘写入(MB),磁盘读取次数,磁盘写入次数
1744378487.285584402,.135,9632.4414,0,0,0,0
1744378487.814759256,.374,9674.8476,0,0,0,0
1744378488.343802675,.374,9674.8476,0,0,0,0
1744378488.872991888,.374,9674.8476,0,0,0,0
1744378489.403163236,.366,9675.2148,0,0,0,0
1744378489.932932029,.259,9673.1132,0,0,0,0
1744378490.464092399,.375,9674.8242,0,0,0,0
1744378490.994592783,.376,9674.8242,0,0,0,0
1744378491.526204998,.375,9675.2382,0,0,0,0
