时间戳,CPU利用率,物理内存使用量(MB),磁盘读取(MB),磁盘写入(MB),磁盘读取次数,磁盘写入次数
1744378467.870329410,.266,9636.3242,0,0,0,0
1744378468.402804470,.374,9667.1601,.0117,0,3,0
1744378468.932841139,.373,9667.0468,.0039,0,1,0
1744378469.463752865,.375,9667.4257,.0273,0,7,0
1744378469.993350421,.376,9667.3203,.0156,0,4,0
1744378470.526132196,.374,9667.4453,.0039,0,1,0
1744378471.057987929,.260,9667.3476,0,0,0,0
1744378471.590779582,.374,9667.3476,0,0,0,0
1744378472.123740782,.374,9667.3476,0,0,0,0
1744378472.657671705,.376,9667.3593,0,0,0,0
