时间戳,CPU利用率,物理内存使用量(MB),磁盘读取(MB),磁盘写入(MB),磁盘读取次数,磁盘写入次数
1744378477.983789679,.330,9643.4179,0,0,0,0
1744378478.527483765,.374,9667.2460,0,0,0,0
1744378479.062435410,.375,9667.2460,0,0,0,0
1744378479.596712487,.373,9667.2460,0,0,0,0
1744378480.130742223,.263,9618.0937,0,0,0,0
1744378480.662417997,.369,9667.1914,0,0,0,0
1744378481.195712718,.374,9667.1210,0,0,0,0
1744378481.728792192,.377,9667.2460,0,0,0,0
