时间戳,CPU利用率,物理内存使用量(MB),磁盘读取(MB),磁盘写入(MB),磁盘读取次数,磁盘写入次数
1744378482.267320784,.357,9655.9960,1.0117,0,10,0
1744378482.795884876,.335,9702.5390,6.2500,0,58,0
1744378483.325649586,.376,9702.5390,0,0,0,0
1744378483.858011369,.373,9702.5390,0,0,0,0
1744378484.392037403,.372,9702.5390,0,0,0,0
1744378484.922177352,.226,9701.1992,0,.2187,0,56
1744378485.455068261,.372,9702.6718,0,0,0,0
1744378485.987104309,.374,9702.5976,0,0,0,0
1744378486.521568282,.376,9702.5976,0,0,0,0
1744378487.051619949,.365,9653.2695,0,0,0,0
