时间戳,CPU利用率,物理内存使用量(MB),磁盘读取(MB),磁盘写入(MB),磁盘读取次数,磁盘写入次数
1744378473.241089159,.359,9636.8828,0,0,0,0
1744378473.774175772,.374,9667.1835,0,0,0,0
1744378474.306184592,.374,9667.1835,0,0,0,0
1744378474.837707374,.374,9667.1796,0,0,0,0
1744378475.370852141,.374,9667.1835,0,0,0,0
1744378475.905048745,.261,9667.2929,0,0,0,0
1744378476.439752852,.376,9667.1445,0,0,0,0
1744378476.974730996,.372,9667.1445,0,0,0,0
1744378477.513419774,.375,9667.2695,0,0,0,0
