时间戳,CPU利用率,物理内存使用量(MB),磁盘读取(MB),磁盘写入(MB),磁盘读取次数,磁盘写入次数
1744357429.848844131,.094,13412.6914,.0078,0,1,0
1744357430.376773892,.132,13412.8125,.0468,0,5,0
