时间戳,CPU利用率,物理内存使用量(MB),磁盘读取(MB),磁盘写入(MB),磁盘读取次数,磁盘写入次数
1744357427.234124929,.127,13417.0000,.0273,0,4,0
1744357427.761599249,.139,13417.2265,.2578,0,34,0
