时间戳,CPU利用率,物理内存使用量(MB),磁盘读取(MB),磁盘写入(MB),磁盘读取次数,磁盘写入次数
1744357426.218041508,.503,13405.6679,0,0,0,0
1744357426.751325921,.241,13416.1796,.2382,0,31,0
