时间戳,CPU利用率,物理内存使用量(MB),磁盘读取(MB),磁盘写入(MB),磁盘读取次数,磁盘写入次数
1744357429.065427462,.097,13412.4257,.0078,0,1,0
1744357429.594677144,.140,13412.4375,.0039,0,1,0
