时间戳,CPU利用率,物理内存使用量(MB),磁盘读取(MB),磁盘写入(MB),磁盘读取次数,磁盘写入次数
1744357428.172342651,.130,13417.7070,.0078,0,1,0
1744357428.699830262,.132,13417.6093,.0078,0,1,0
