时间戳,CPU利用率,物理内存使用量(MB),磁盘读取(MB),磁盘写入(MB),磁盘读取次数,磁盘写入次数
1744377796.576238746,.102,6386.2500,0,0,0,0
1744377797.103809954,.125,6390.1250,0,0,0,0
1744377797.633032186,.160,6388.2500,0,0,0,0
