时间戳,CPU利用率,物理内存使用量(MB),磁盘读取(MB),磁盘写入(MB),磁盘读取次数,磁盘写入次数
1744377794.917800243,.135,6386.1523,0,0,0,0
1744377795.444685361,.124,6390.1406,.0234,0,3,0
1744377795.973745707,.160,6388.2500,0,0,0,0
