时间戳,CPU利用率,物理内存使用量(MB),磁盘读取(MB),磁盘写入(MB),磁盘读取次数,磁盘写入次数
1744377790.968228183,.196,6386.0195,4.8242,0,178,0
1744377791.506637961,.088,6381.5976,13.1992,0,1310,0
1744377792.036043159,.104,6391.0625,5.0820,0,465,0
1744377792.566559419,.148,6387.9492,.5664,0,77,0
