时间戳,CPU利用率,物理内存使用量(MB),磁盘读取(MB),磁盘写入(MB),磁盘读取次数,磁盘写入次数
1744377793.171929271,.126,6386.0468,0,0,0,0
1744377793.699602649,.125,6389.8203,0,0,0,0
1744377794.228170050,.152,6388.0429,0,0,0,0
