时间戳,CPU利用率,物理内存使用量(MB),磁盘读取(MB),磁盘写入(MB),磁盘读取次数,磁盘写入次数
1744377798.314764050,.135,6386.2500,0,0,0,0
1744377798.844263964,.124,6390.1250,0,0,0,0
1744377799.374645395,.162,6388.2500,0,0,0,0
