时间戳,CPU利用率,物理内存使用量(MB),磁盘读取(MB),磁盘写入(MB),磁盘读取次数,磁盘写入次数
1744355513.760394466,.118,10781.7773,.0546,0,7,0
1744355514.290499738,.131,10781.8984,.0078,0,1,0
1744355514.820092114,.129,10781.8984,0,0,0,0
