时间戳,CPU利用率,物理内存使用量(MB),磁盘读取(MB),磁盘写入(MB),磁盘读取次数,磁盘写入次数
1744355509.249383301,.098,10781.6523,0,0,0,0
1744355509.777779940,.130,10781.6523,0,0,0,0
1744355510.308252432,.129,10781.6523,0,0,0,0
1744355510.840342445,.129,10781.6523,0,0,0,0
1744355511.370627899,.130,10781.6562,0,0,0,0
1744355511.900253871,.131,10781.6562,0,0,0,0
1744355512.431108651,.130,10781.6562,0,0,0,0
1744355512.960185456,.129,10781.6562,0,0,0,0
1744355513.492262241,.129,10781.6562,0,0,0,0
