时间戳,CPU利用率,物理内存使用量(MB),磁盘读取(MB),磁盘写入(MB),磁盘读取次数,磁盘写入次数
1744355516.985746712,.132,10781.8554,0,0,0,0
1744355517.517506918,.129,10781.8515,0,0,0,0
1744355518.048546069,.127,10782.0312,.1796,0,13,0
1744355518.580093224,.129,10782.0312,0,0,0,0
1744355519.111046813,.137,10782.0312,0,0,0,0
1744355519.640546310,.130,10782.0312,0,0,0,0
1744355520.171247982,.129,10782.0312,0,0,0,0
