时间戳,CPU利用率,物理内存使用量(MB),磁盘读取(MB),磁盘写入(MB),磁盘读取次数,磁盘写入次数
1744355515.256344394,.132,10781.7929,0,0,0,0
1744355515.785281729,.131,10781.7890,0,0,0,0
1744355516.316097215,.129,10781.7890,0,0,0,0
