时间戳,CPU利用率,物理内存使用量(MB),磁盘读取(MB),磁盘写入(MB),磁盘读取次数,磁盘写入次数
1744379379.151772916,.133,10368.5859,0,0,0,0
1744379379.681103790,.124,10373.3359,0,0,0,0
1744379380.210287306,.125,10368.6835,0,0,0,0
1744379380.739586460,.124,10373.3085,0,0,0,0
