时间戳,CPU利用率,物理内存使用量(MB),磁盘读取(MB),磁盘写入(MB),磁盘读取次数,磁盘写入次数
1744379384.440639408,.096,10369.5703,0,0,0,0
1744379384.967857589,.125,10371.1953,0,0,0,0
1744379385.495817945,.125,10374.5703,0,0,0,0
1744379386.029115193,.125,10369.6835,0,0,0,0
1744379386.559031095,.124,10374.5585,0,0,0,0
