时间戳,CPU利用率,物理内存使用量(MB),磁盘读取(MB),磁盘写入(MB),磁盘读取次数,磁盘写入次数
1744379374.969163414,.097,10367.3359,0,0,0,0
1744379375.503852579,.125,10371.8359,.3750,0,7,0
1744379376.034970133,.124,10369.3320,0,0,0,0
1744379376.565261740,.125,10371.8320,0,0,0,0
