时间戳,CPU利用率,物理内存使用量(MB),磁盘读取(MB),磁盘写入(MB),磁盘读取次数,磁盘写入次数
1744379381.311283862,.132,10369.3125,0,0,0,0
1744379381.839501204,.125,10370.9375,0,0,0,0
1744379382.370882315,.125,10374.0625,0,0,0,0
1744379382.899461694,.124,10369.5937,.2578,0,7,0
1744379383.429928062,.125,10371.2187,0,0,0,0
1744379383.958753511,.124,10375.8437,0,0,0,0
