时间戳,CPU利用率,物理内存使用量(MB),磁盘读取(MB),磁盘写入(MB),磁盘读取次数,磁盘写入次数
1744379376.796997229,.126,10368.1914,0,0,0,0
1744379377.330338648,.125,10372.9414,0,0,0,0
1744379377.863427297,.124,10369.1171,.3750,0,7,0
1744379378.400644402,.124,10371.6914,0,0,0,0
1744379378.933603215,.125,10374.9414,0,0,0,0
