时间戳,CPU利用率,物理内存使用量(MB),磁盘读取(MB),磁盘写入(MB),磁盘读取次数,磁盘写入次数
1744358965.453067932,.683,13539.7851,0,0,0,0
1744358965.981627738,.126,13539.7812,0,0,0,0
1744358966.516279091,.128,13539.7851,0,0,0,0
1744358967.044547972,.125,13539.7812,0,0,0,0
