时间戳,CPU利用率,物理内存使用量(MB),磁盘读取(MB),磁盘写入(MB),磁盘读取次数,磁盘写入次数
1744358971.688512891,.106,13539.8476,0,0,0,0
1744358972.215748613,.126,13539.8437,0,0,0,0
1744358972.743638307,.125,13539.8437,0,0,0,0
