时间戳,CPU利用率,物理内存使用量(MB),磁盘读取(MB),磁盘写入(MB),磁盘读取次数,磁盘写入次数
1744358967.676558374,.102,13539.7851,0,0,0,0
1744358968.205195266,.126,13539.7812,0,0,0,0
1744358968.732894680,.124,13539.7812,0,0,0,0
1744358969.260492359,.147,13539.7812,0,0,0,0
