时间戳,CPU利用率,物理内存使用量(MB),磁盘读取(MB),磁盘写入(MB),磁盘读取次数,磁盘写入次数
1744358969.573886430,.137,13539.7851,0,0,0,0
1744358970.102277795,.125,13539.7812,0,0,0,0
1744358970.631157164,.126,13539.7851,0,0,0,0
1744358971.159293178,.161,13539.7812,0,0,0,0
